Rank,Name,Team,Position,Games Played,Completions,Passing Attempts,Completion Percentage,Passing Yards,Avg Yards per Pass Attempt,Passing Yards per Game,Longest Pass,Passing Touchdowns,Interceptions,Total Sacks,Sack Yards Lost,Adjusted QBR,Passer Rating,Year
1,Jameis Winston,TB,QB,16,380,626,60.7,"5,109",8.2,319.3,71,33,30,47,282,55.7,60.4,2019
2,Dak Prescott,DAL,QB,16,388,596,65.1,"4,902",8.2,306.4,62,30,11,23,151,71.9,60.4,2019
3,Jared Goff,LAR,QB,16,394,626,62.9,"4,638",7.4,289.9,66,22,16,22,170,50.6,56.3,2019
4,Philip Rivers,LAC,QB,16,390,591,66.0,"4,615",7.8,288.4,84,23,20,34,222,50.5,56.3,2019
5,Matt Ryan,ATL,QB,15,408,616,66.2,"4,466",7.3,297.7,93,26,14,48,316,59.6,56.3,2019
6,Russell Wilson,SEA,QB,16,341,516,66.1,"4,110",8.0,256.9,60,31,5,48,319,71.5,56.3,2019
7,Tom Brady,NE,QB,16,373,613,60.8,"4,057",6.6,253.6,59,24,8,27,185,55.7,52.1,2019
8,Derek Carr,OAK,QB,16,361,513,70.4,"4,054",7.9,253.4,75,21,8,29,184,64.1,56.3,2019
9,Carson Wentz,PHI,QB,16,388,607,63.9,"4,039",6.7,252.4,53,27,7,37,230,62.8,52.1,2019
10,Patrick Mahomes,KC,QB,14,319,484,65.9,"4,031",8.3,287.9,83,26,5,17,127,77.7,60.4,2019
11,Aaron Rodgers,GB,QB,16,353,569,62.0,"4,002",7.0,250.1,74,26,4,36,284,52.5,56.3,2019
12,Jimmy Garoppolo,SF,QB,16,329,476,69.1,"3,978",8.4,248.6,75,27,13,36,237,60.8,60.4,2019
13,Deshaun Watson,HOU,QB,15,333,495,67.3,"3,852",7.8,256.8,54,26,12,44,257,70.5,56.3,2019
14,Baker Mayfield,CLE,QB,16,317,534,59.4,"3,827",7.2,239.2,89,22,21,40,285,54.4,56.3,2019
15,Kyler Murray,ARI,QB,16,349,542,64.4,"3,722",6.9,232.6,88,20,12,48,309,57.7,52.1,2019
16,Kirk Cousins,MIN,QB,15,307,444,69.1,"3,603",8.1,240.2,66,26,6,28,206,60.4,60.4,2019
17,Ryan Fitzpatrick,MIA,QB,15,311,502,62.0,"3,529",7.0,235.3,51,20,13,40,209,68.3,56.3,2019
18,Andy Dalton,CIN,QB,13,314,528,59.5,"3,494",6.6,268.8,66,16,14,37,249,42.1,52.1,2019
19,Kyle Allen,CAR,QB,13,303,489,62.0,"3,322",6.8,255.5,52,17,16,46,397,38.3,52.1,2019
20,Gardner Minshew,JAX,QB,14,285,470,60.6,"3,271",7.0,233.6,70,21,6,33,184,44.6,52.1,2019
21,Mitchell Trubisky,CHI,QB,15,326,516,63.2,"3,138",6.1,209.2,53,17,10,38,234,41.5,52.1,2019
22,Lamar Jackson,BAL,QB,15,265,401,66.1,"3,127",7.8,208.5,83,36,6,23,106,83.0,56.3,2019
23,Josh Allen,BUF,QB,16,271,461,58.8,"3,089",6.7,193.1,53,20,9,38,237,49.4,52.1,2019
24,Daniel Jones,NYG,QB,13,284,459,61.9,"3,027",6.6,232.8,75,24,12,38,295,55.7,52.1,2019
25,Sam Darnold,NYJ,QB,13,273,441,61.9,"3,024",6.9,232.6,92,19,13,33,212,45.6,52.1,2019
26,Drew Brees,NO,QB,11,281,378,74.3,"2,979",7.9,270.8,61,27,4,12,89,73.3,56.3,2019
27,Jacoby Brissett,IND,QB,15,272,447,60.8,"2,942",6.6,196.1,50,18,6,27,159,52.1,52.1,2019
28,Ryan Tannehill,TEN,QB,12,201,286,70.3,"2,742",9.6,228.5,91,22,6,31,212,64.2,64.6,2019
29,Matthew Stafford,DET,QB,8,187,291,64.3,"2,499",8.6,312.4,66,19,5,18,137,71.3,60.4,2019
30,Joe Flacco,DEN,QB,8,171,262,65.3,"1,822",7.0,227.8,70,6,5,26,194,50.8,52.1,2019
31,Mason Rudolph,PIT,QB,10,176,283,62.2,"1,765",6.2,176.5,76,13,9,15,124,36.2,52.1,2019
32,Case Keenum,WSH,QB,10,160,247,64.8,"1,707",6.9,170.7,69,11,5,15,145,45.6,52.1,2019
33,Teddy Bridgewater,NO,QB,9,133,196,67.9,"1,384",7.1,153.8,45,9,2,12,89,50.9,56.3,2019
34,Dwayne Haskins,WSH,QB,9,119,203,58.6,"1,365",6.7,151.7,75,7,7,29,204,28.0,52.1,2019
35,Marcus Mariota,TEN,QB,7,95,160,59.4,"1,203",7.5,171.9,75,7,2,25,162,35.5,56.3,2019
36,Devlin Hodges,PIT,QB,8,100,160,62.5,"1,063",6.6,132.9,79,5,8,15,102,31.8,52.1,2019
37,Eli Manning,NYG,QB,4,91,147,61.9,"1,042",7.1,260.5,55,6,5,5,44,36.2,56.3,2019
38,Drew Lock,DEN,QB,5,100,156,64.1,"1,020",6.5,204.0,48,7,3,5,26,50.2,52.1,2019
39,David Blough,DET,QB,5,94,174,54.0,984,5.7,196.8,75,4,6,14,104,34.0,47.9,2019
40,Nick Foles,JAX,QB,4,77,117,65.8,736,6.3,184.0,39,3,2,8,60,35.5,52.1,2019
41,Jeff Driskel,DET,QB,3,62,105,59.0,685,6.5,228.3,47,4,4,11,46,49.9,52.1,2019
42,Matt Moore,KC,QB,6,59,91,64.8,659,7.2,109.8,57,4,0,8,65,57.5,56.3,2019
43,Matt Schaub,ATL,QB,6,50,67,74.6,580,8.7,96.7,35,3,1,2,19,80.2,60.4,2019
44,Cam Newton,CAR,QB,2,50,89,56.2,572,6.4,286.0,44,0,1,6,43,22.5,52.1,2019
45,Josh Rosen,MIA,QB,6,58,109,53.2,567,5.2,94.5,40,1,5,16,93,19.7,47.9,2019
46,Brandon Allen,DEN,QB,3,39,84,46.4,515,6.1,171.7,75,3,2,9,59,40.1,52.1,2019
47,Ryan Finley,CIN,QB,3,41,87,47.1,474,5.4,158.0,47,2,2,11,93,25.0,47.9,2019
48,Chase Daniel,CHI,QB,3,45,64,70.3,435,6.8,145.0,37,3,2,7,48,59.6,52.1,2019
49,Luke Falk,NYJ,QB,3,47,73,64.4,416,5.7,138.7,36,0,3,16,96,9.6,47.9,2019
50,Brian Hoyer,IND,QB,4,35,65,53.8,372,5.7,93.0,23,4,4,5,47,17.4,47.9,2019
51,Matt Barkley,BUF,QB,2,27,51,52.9,359,7.0,179.5,41,0,3,2,10,10.3,56.3,2019
52,Ben Roethlisberger,PIT,QB,2,35,62,56.5,351,5.7,175.5,45,0,1,2,7,28.8,47.9,2019
53,Will Grier,CAR,QB,2,28,52,53.8,228,4.4,114.0,28,0,4,6,44,2.8,43.8,2019
54,Robert Griffin III,BAL,QB,7,23,38,60.5,225,5.9,32.1,39,1,2,5,19,54.9,47.9,2019
54,AJ McCarron,HOU,QB,2,21,37,56.8,225,6.1,112.5,21,0,1,5,43,27.1,52.1,2019
56,Sean Mannion,MIN,QB,3,12,21,57.1,126,6.0,42.0,35,0,2,0,0,26.4,52.1,2019
57,Colt McCoy,WSH,QB,1,18,27,66.7,122,4.5,122.0,22,0,1,6,44,14.9,43.8,2019
58,Mike Glennon,OAK,QB,2,6,10,60.0,56,5.6,28.0,19,1,0,0,0,25.2,47.9,2019
59,Taysom Hill,NO,TE,16,3,6,50.0,55,9.2,3.4,20,0,0,1,9,84.9,64.6,2019
60,Brett Hundley,ARI,QB,3,5,11,45.5,49,4.5,16.3,28,0,0,2,11,80.6,43.8,2019
61,Julian Edelman,NE,WR,16,2,2,100.0,47,23.5,2.9,32,1,0,0,0,100.0,118.8,2019
62,Courtland Sutton,DEN,WR,16,1,1,100.0,38,38.0,2.4,38,0,0,0,0,100.0,118.8,2019
63,James White,NE,RB,15,1,1,100.0,35,35.0,2.3,35,0,0,0,0,99.9,118.8,2019
63,Jaylen Samuels,PIT,RB,14,4,5,80.0,35,7.0,2.5,21,0,1,0,0,1.0,56.3,2019
66,Tyrod Taylor,LAC,QB,8,4,6,66.7,33,5.5,4.1,14,1,0,0,0,3.3,47.9,2019
67,Johnny Hekker,LAR,P,16,2,3,66.7,28,9.3,1.8,23,0,1,0,0,3.8,64.6,2019
67,John Brown,BUF,WR,15,1,1,100.0,28,28.0,1.9,28,1,0,0,0,100.0,158.3,2019
69,Andy Lee,ARI,P,15,1,1,100.0,26,26.0,1.7,26,0,0,0,0,,118.8,2019
69,Alex Erickson,CIN,WR,16,1,1,100.0,26,26.0,1.6,26,0,0,0,0,99.9,118.8,2019
71,Josh McCown,PHI,QB,3,3,5,60.0,24,4.8,8.0,13,0,0,0,0,54.3,43.8,2019
72,Odell Beckham Jr.,CLE,WR,16,1,2,50.0,20,10.0,1.3,20,0,0,0,0,81.0,68.8,2019
72,Albert Wilson,MIA,WR,13,1,2,50.0,20,10.0,1.5,20,0,0,1,10,17.6,68.8,2019
74,Danny Amendola,DET,WR,15,1,1,100.0,19,19.0,1.3,19,1,0,0,0,100.0,158.3,2019
75,Ryan Griffin,TB,QB,2,2,4,50.0,18,4.5,9.0,13,0,0,0,0,32.4,43.8,2019
76,Logan Cooke,JAX,P,16,2,2,100.0,16,8.0,1.0,9,0,0,1,19,,100.0,2019
76,Dante Pettis,SF,WR,11,1,1,100.0,16,16.0,1.5,16,0,0,0,0,57.3,118.8,2019
78,Tim Boyle,GB,QB,3,3,4,75.0,15,3.8,5.0,7,0,0,0,0,96.7,39.6,2019
79,Jarrett Stidham,NE,QB,3,2,4,50.0,14,3.5,4.7,11,0,1,1,7,0.1,39.6,2019
80,Alvin Kamara,NO,RB,14,1,1,100.0,13,13.0,0.9,13,0,0,0,0,58.7,118.8,2019
81,Michael Palardy,CAR,P,16,1,1,100.0,12,12.0,0.8,12,0,0,0,0,,116.7,2019
82,Brett Kern,TEN,P,16,1,2,50.0,11,5.5,0.7,11,0,0,0,0,,47.9,2019
82,Kelvin Harmon,WSH,WR,16,1,1,100.0,11,11.0,0.7,11,0,0,0,0,99.9,112.5,2019
84,DeAndre Hopkins,HOU,WR,15,1,2,50.0,6,3.0,0.4,6,1,1,0,0,0.0,39.6,2019
84,Andrew Beck,DEN,FB,16,1,1,100.0,6,6.0,0.4,6,0,0,0,0,100.0,91.7,2019
86,Kenjon Barner,ATL,RB,14,1,1,100.0,3,3.0,0.2,3,0,0,0,0,31.7,79.2,2019
86,Blake Bortles,LAR,QB,3,1,2,50.0,3,1.5,1.0,3,0,0,0,0,0.1,39.6,2019
86,Trevor Siemian,NYJ,QB,1,3,6,50.0,3,0.5,3.0,3,0,0,2,17,1.2,39.6,2019
89,Alex Tanney,NYG,QB,1,1,1,100.0,1,1.0,1.0,1,0,0,0,0,1.4,79.2,2019
89,Matt Haack,MIA,P,16,1,2,50.0,1,0.5,0.1,1,1,0,0,0,0.0,39.6,2019
91,Dustin Colquitt,KC,P,16,0,1,0.0,0,0.0,0.0,0,0,0,0,0,0.0,39.6,2019
91,Randall Cobb,DAL,WR,15,0,1,0.0,0,0.0,0.0,0,0,0,0,0,5.4,39.6,2019
91,Bilal Powell,NYJ,RB,13,0,1,0.0,0,0.0,0.0,0,0,0,0,0,1.9,39.6,2019
91,Garrett Gilbert,CLE,QB,5,0,3,0.0,0,0.0,0.0,0,0,0,0,0,22.8,39.6,2019
91,David Fales,NYJ,QB,2,0,0,0.0,0,0.0,0.0,0,0,0,1,7,3.8,39.6,2019
91,Stefon Diggs,MIN,WR,15,0,1,0.0,0,0.0,0.0,0,0,0,0,0,0.2,39.6,2019
91,Cooper Kupp,LAR,WR,16,0,1,0.0,0,0.0,0.0,0,0,0,0,0,0.0,39.6,2019
91,Zach Pascal,IND,WR,16,0,1,0.0,0,0.0,0.0,0,0,0,0,0,0.8,39.6,2019
91,Colby Wadman,DEN,P,16,0,0,0.0,0,0.0,0.0,0,0,0,1,7,,39.6,2019
91,Jake Elliott,PHI,PK,16,0,1,0.0,0,0.0,0.0,0,0,1,0,0,,0.0,2019
91,Kareem Hunt,CLE,RB,8,0,0,0.0,0,0.0,0.0,0,0,0,1,8,0.0,39.6,2019
91,Christian McCaffrey,CAR,RB,16,0,2,0.0,0,0.0,0.0,0,0,0,0,0,0.2,39.6,2019
91,Preston Williams,MIA,WR,8,0,0,0.0,0,0.0,0.0,0,0,0,1,1,0.7,39.6,2019
91,Steven Sims,WSH,WR,16,0,1,0.0,0,0.0,0.0,0,0,0,0,0,,39.6,2019
106,Sam Koch,BAL,P,16,1,1,100.0,-2,-2.0,-0.1,-2,0,0,0,0,100.0,79.2,2019
1,Deshaun Watson,HOU,QB,16,382,544,70.2,"4,823",8.9,301.4,77,33,7,49,293,63.7,60.4,2020
2,Patrick Mahomes,KC,QB,15,390,588,66.3,"4,740",8.1,316.0,75,38,6,22,147,78.1,108.2,2020
3,Tom Brady,TB,QB,16,401,610,65.7,"4,633",7.6,289.6,50,40,12,21,143,66.0,56.3,2020
4,Matt Ryan,ATL,QB,16,407,626,65.0,"4,581",7.3,286.3,63,26,11,41,257,59.8,56.3,2020
5,Josh Allen,BUF,QB,16,396,572,69.2,"4,544",7.9,284.0,55,37,10,26,159,76.6,56.3,2020
6,Justin Herbert,LAC,QB,15,396,595,66.6,"4,336",7.3,289.1,72,31,10,32,218,62.6,56.3,2020
7,Aaron Rodgers,GB,QB,16,372,526,70.7,"4,299",8.2,268.7,78,48,5,20,182,79.8,60.4,2020
8,Kirk Cousins,MIN,QB,16,349,516,67.6,"4,265",8.3,266.6,71,35,13,39,256,55.8,60.4,2020
9,Russell Wilson,SEA,QB,16,384,558,68.8,"4,212",7.5,263.3,62,40,13,47,301,67.1,56.3,2020
10,Philip Rivers,IND,QB,16,369,543,68.0,"4,169",7.7,260.6,55,24,11,19,118,55.0,56.3,2020
11,Derek Carr,LV,QB,16,348,517,67.3,"4,103",7.9,256.4,85,27,9,26,150,64.3,56.3,2020
12,Matthew Stafford,DET,QB,16,339,528,64.2,"4,084",7.7,255.3,73,26,10,38,254,61.3,56.3,2020
13,Kyler Murray,ARI,QB,16,375,558,67.2,"3,971",7.1,248.2,80,26,12,27,176,61.9,56.3,2020
14,Jared Goff,LAR,QB,15,370,552,67.0,"3,952",7.2,263.5,56,20,13,23,161,50.8,56.3,2020
15,Ryan Tannehill,TEN,QB,16,315,481,65.5,"3,819",7.9,238.7,75,33,7,24,173,72.6,56.3,2020
16,Ben Roethlisberger,PIT,QB,15,399,608,65.6,"3,803",6.3,253.5,84,33,10,13,118,52.5,52.1,2020
17,Teddy Bridgewater,CAR,QB,15,340,492,69.1,"3,733",7.6,248.9,75,15,11,31,205,56.8,56.3,2020
18,Baker Mayfield,CLE,QB,16,305,486,62.8,"3,563",7.3,222.7,75,26,8,26,162,65.5,56.3,2020
19,Daniel Jones,NYG,QB,14,280,448,62.5,"2,943",6.6,210.2,53,11,10,45,286,54.0,52.1,2020
20,Drew Brees,NO,QB,12,275,390,70.5,"2,942",7.5,245.2,52,24,6,13,89,68.3,56.3,2020
21,Drew Lock,DEN,QB,13,254,443,57.3,"2,933",6.6,225.6,92,16,15,19,123,41.2,52.1,2020
22,Lamar Jackson,BAL,QB,15,242,376,64.4,"2,757",7.3,183.8,47,26,9,29,160,67.3,56.3,2020
23,Joe Burrow,CIN,QB,10,264,404,65.3,"2,688",6.7,268.8,67,13,5,32,231,48.5,52.1,2020
24,Cam Newton,NE,QB,15,242,368,65.8,"2,657",7.2,177.1,50,8,10,31,195,39.4,56.3,2020
25,Carson Wentz,PHI,QB,12,251,437,57.4,"2,620",6.0,218.3,59,16,15,50,326,41.9,47.9,2020
26,Nick Mullens,SF,QB,10,211,326,64.7,"2,437",7.5,243.7,49,12,12,19,139,36.3,56.3,2020
27,Gardner Minshew,JAX,QB,9,216,327,66.1,"2,259",6.9,251.0,51,16,5,27,147,44.0,52.1,2020
28,Sam Darnold,NYJ,QB,12,217,364,59.6,"2,208",6.1,184.0,69,9,11,35,234,32.9,52.1,2020
29,Andy Dalton,DAL,QB,11,216,333,64.9,"2,169",6.5,197.2,69,14,8,24,183,46.1,52.1,2020
30,Ryan Fitzpatrick,MIA,QB,9,183,267,68.5,"2,091",7.8,232.3,70,13,8,14,65,70.9,56.3,2020
31,Mitchell Trubisky,CHI,QB,10,199,297,67.0,"2,055",6.9,205.5,53,16,8,18,125,53.8,52.1,2020
32,Dak Prescott,DAL,QB,5,151,222,68.0,"1,856",8.4,371.2,58,9,4,10,66,73.1,60.4,2020
33,Nick Foles,CHI,QB,9,202,312,64.7,"1,852",5.9,205.8,50,10,8,18,145,36.0,47.9,2020
34,Tua Tagovailoa,MIA,QB,10,186,290,64.1,"1,814",6.3,181.4,35,11,5,20,136,44.8,52.1,2020
35,Alex Smith,WSH,QB,8,168,252,66.7,"1,582",6.3,197.8,68,6,8,22,139,28.2,52.1,2020
36,Dwayne Haskins,WSH,QB,7,148,241,61.4,"1,439",6.0,205.6,50,5,7,20,141,24.8,47.9,2020
37,Jimmy Garoppolo,SF,QB,6,94,140,67.1,"1,096",7.8,182.7,76,7,5,11,77,54.0,56.3,2020
38,Mike Glennon,JAX,QB,5,111,179,62.0,"1,072",6.0,214.4,46,7,5,9,53,29.8,47.9,2020
39,Jalen Hurts,PHI,QB,15,77,148,52.0,"1,061",7.2,70.7,81,6,4,13,59,33.8,56.3,2020
40,Taysom Hill,NO,TE,16,88,121,72.7,928,7.7,58.0,44,4,2,14,87,51.1,56.3,2020
41,Brandon Allen,CIN,QB,5,90,142,63.4,925,6.5,185.0,72,5,4,7,51,37.5,52.1,2020
42,Joe Flacco,NYJ,QB,5,74,134,55.2,864,6.4,172.8,52,6,3,7,69,50.3,52.1,2020
43,C.J. Beathard,SF,QB,6,66,104,63.5,787,7.6,131.2,49,6,0,9,71,46.0,56.3,2020
44,Jake Luton,JAX,QB,3,60,110,54.5,624,5.7,208.0,73,2,6,7,52,32.8,47.9,2020
45,Kyle Allen,WSH,QB,4,60,87,69.0,610,7.0,152.5,52,4,1,7,44,68.2,56.3,2020
46,Jeff Driskel,DEN,QB,3,35,64,54.7,432,6.8,144.0,45,3,2,11,98,36.1,52.1,2020
47,Colt McCoy,NYG,QB,4,40,66,60.6,375,5.7,93.8,35,1,1,5,24,29.7,47.9,2020
48,PJ Walker,CAR,QB,4,32,56,57.1,368,6.6,92.0,52,1,5,4,31,9.6,52.1,2020
49,Mason Rudolph,PIT,QB,5,25,43,58.1,324,7.5,64.8,47,2,1,1,8,72.7,56.3,2020
50,Brett Rypien,DEN,QB,3,27,40,67.5,295,7.4,98.3,48,2,4,1,0,50.3,56.3,2020
51,Chase Daniel,DET,QB,4,29,43,67.4,264,6.1,66.0,28,1,2,3,29,15.9,52.1,2020
52,Jarrett Stidham,NE,QB,5,22,44,50.0,256,5.8,51.2,38,2,3,4,21,12.2,47.9,2020
53,Chad Henne,KC,QB,3,28,38,73.7,248,6.5,82.7,37,2,0,2,4,26.3,52.1,2020
54,Garrett Gilbert,DAL,QB,1,21,38,55.3,243,6.4,243.0,32,1,1,2,23,56.8,52.1,2020
55,John Wolford,LAR,QB,1,22,38,57.9,231,6.1,231.0,38,0,1,2,8,68.5,52.1,2020
56,Marcus Mariota,LV,QB,1,17,28,60.7,226,8.1,226.0,35,1,1,0,0,97.4,60.4,2020
57,Ben DiNucci,DAL,QB,3,23,43,53.5,219,5.1,73.0,32,0,0,7,73,10.2,47.9,2020
58,Tyrod Taylor,LAC,QB,2,16,30,53.3,208,6.9,104.0,37,0,0,2,1,16.6,52.1,2020
59,Matt Barkley,BUF,QB,5,11,21,52.4,197,9.4,39.4,56,1,1,1,7,27.4,64.6,2020
60,Ryan Finley,CIN,QB,5,17,32,53.1,164,5.1,32.8,30,1,2,9,63,41.4,47.9,2020
61,Blaine Gabbert,TB,QB,4,9,16,56.3,143,8.9,35.8,35,2,0,1,7,53.1,60.4,2020
62,Taylor Heinicke,WSH,QB,1,12,19,63.2,137,7.2,137.0,29,1,0,1,7,40.7,56.3,2020
63,Brian Hoyer,NE,QB,1,15,24,62.5,130,5.4,130.0,25,0,1,2,18,22.4,47.9,2020
64,Chris Streveler,ARI,QB,5,11,16,68.8,105,6.6,21.0,19,1,1,2,10,29.6,52.1,2020
65,Trace McSorley,BAL,QB,2,3,10,30.0,90,9.0,45.0,70,1,0,0,0,28.9,64.6,2020
66,Jameis Winston,NO,QB,4,7,11,63.6,75,6.8,18.8,19,0,0,2,11,12.0,52.1,2020
67,Jarvis Landry,CLE,WR,15,4,4,100.0,74,18.5,4.9,37,1,0,0,0,100.0,118.8,2020
68,David Blough,DET,QB,1,6,10,60.0,49,4.9,49.0,20,0,1,1,10,11.2,43.8,2020
69,Case Keenum,CLE,QB,2,5,10,50.0,46,4.6,23.0,24,0,0,0,0,34.7,43.8,2020
70,Jamison Crowder,NYJ,WR,12,1,1,100.0,43,43.0,3.6,43,1,0,0,0,100.0,158.3,2020
70,Jakobi Meyers,NE,WR,14,2,2,100.0,43,21.5,3.1,24,2,0,0,0,100.0,158.3,2020
72,Robert Griffin III,BAL,QB,4,8,14,57.1,42,3.0,10.5,9,0,2,3,20,20.2,39.6,2020
73,Russell Gage,ATL,WR,16,1,2,50.0,39,19.5,2.4,39,1,0,0,0,100.0,79.2,2020
74,Julian Edelman,NE,WR,6,2,2,100.0,38,19.0,6.3,22,0,0,0,0,98.0,118.8,2020
75,Geno Smith,SEA,QB,1,4,5,80.0,33,6.6,33.0,14,0,0,1,3,3.9,52.1,2020
76,Nate Sudfeld,PHI,QB,1,5,12,41.7,32,2.7,32.0,10,0,1,2,16,1.6,39.6,2020
76,Lynn Bowden Jr.,MIA,WR,10,1,2,50.0,32,16.0,3.2,32,0,0,0,0,32.9,79.2,2020
78,Zay Jones,LV,WR,16,1,1,100.0,29,29.0,1.8,29,0,0,0,0,100.0,118.8,2020
79,Logan Thomas,WSH,TE,16,1,1,100.0,28,28.0,1.8,28,0,0,0,0,40.1,118.8,2020
79,Joseph Charlton,CAR,P,16,1,1,100.0,28,28.0,1.8,28,0,0,1,5,99.9,118.8,2020
81,Andy Lee,ARI,P,16,1,1,100.0,26,26.0,1.6,26,0,0,0,0,,118.8,2020
82,Nathan Peterman,LV,QB,1,3,5,60.0,25,5.0,25.0,12,0,0,2,16,24.3,47.9,2020
83,Cedrick Wilson Jr.,DAL,WR,16,2,2,100.0,23,11.5,1.4,12,1,0,0,0,99.3,112.5,2020
84,Cole Beasley,BUF,WR,15,1,1,100.0,20,20.0,1.3,20,1,0,0,0,100.0,158.3,2020
84,AJ McCarron,HOU,QB,2,1,1,100.0,20,20.0,10.0,20,0,0,1,12,0.0,118.8,2020
86,Golden Tate,NYG,WR,12,1,2,50.0,18,9.0,1.5,18,0,0,0,0,4.8,64.6,2020
86,Tyler Bray,CHI,QB,1,1,5,20.0,18,3.6,18.0,18,0,0,0,0,7.5,39.6,2020
86,Odell Beckham Jr.,CLE,WR,7,1,1,100.0,18,18.0,2.6,18,0,0,0,0,98.9,118.8,2020
89,Jacoby Brissett,IND,QB,11,2,8,25.0,17,2.1,1.5,13,0,0,2,15,58.3,39.6,2020
90,Tyler Boyd,CIN,WR,15,1,2,50.0,16,8.0,1.1,16,0,0,0,0,48.0,60.4,2020
91,Sam Koch,BAL,P,15,1,1,100.0,15,15.0,1.0,15,0,0,0,0,,118.8,2020
91,Greg Ward,PHI,WR,16,1,1,100.0,15,15.0,0.9,15,0,0,0,0,0.7,118.8,2020
91,Tyler Huntley,BAL,QB,2,3,5,60.0,15,3.0,7.5,8,0,0,0,0,1.4,39.6,2020
94,Jaquan Johnson,BUF,S,14,1,1,100.0,13,13.0,0.9,13,0,0,0,0,,118.8,2020
94,Kendall Hinton,DEN,WR,1,1,9,11.1,13,1.4,13.0,13,0,2,1,1,0.1,39.6,2020
94,Tommy Townsend,KC,P,16,1,1,100.0,13,13.0,0.8,13,0,0,0,0,10.6,118.8,2020
97,Isaiah McKenzie,BUF,WR,16,1,1,100.0,12,12.0,0.8,12,1,0,0,0,88.2,156.3,2020
98,Logan Woodside,TEN,QB,6,1,3,33.3,7,2.3,1.2,7,0,0,0,0,65.1,39.6,2020
99,Travis Kelce,KC,TE,15,1,2,50.0,4,2.0,0.3,4,0,0,0,0,55.2,39.6,2020
99,Easton Stick,LAC,QB,1,1,1,100.0,4,4.0,4.0,4,0,0,0,0,1.3,83.3,2020
101,Joshua Dobbs,PIT,QB,1,4,5,80.0,2,0.4,2.0,3,0,0,0,0,48.7,39.6,2020
102,Brett Kern,TEN,P,13,0,1,0.0,0,0.0,0.0,0,0,0,0,0,0.0,39.6,2020
102,Randall Cobb,HOU,WR,10,0,1,0.0,0,0.0,0.0,0,0,0,0,0,2.8,39.6,2020
102,Chris Jones,DAL,P,8,0,1,0.0,0,0.0,0.0,0,0,0,0,0,,39.6,2020
102,Keenan Allen,LAC,WR,14,0,1,0.0,0,0.0,0.0,0,0,0,0,0,1.4,39.6,2020
102,Sammy Watkins,KC,WR,10,0,1,0.0,0,0.0,0.0,0,0,1,0,0,0.0,0.0,2020
102,Adam Humphries,TEN,WR,7,0,0,0.0,0,0.0,0.0,0,0,0,1,0,,39.6,2020
102,Riley Dixon,NYG,P,16,0,1,0.0,0,0.0,0.0,0,0,0,0,0,,39.6,2020
102,Alex Erickson,CIN,WR,16,0,1,0.0,0,0.0,0.0,0,0,0,0,0,8.4,39.6,2020
102,Zach Pascal,IND,WR,16,0,1,0.0,0,0.0,0.0,0,0,0,0,0,1.8,39.6,2020
102,Tim Boyle,GB,QB,8,0,0,0.0,0,0.0,0.0,0,0,0,1,11,0.0,39.6,2020
102,Jamal Agnew,DET,WR,14,0,1,0.0,0,0.0,0.0,0,0,0,0,0,0.9,39.6,2020
102,DJ Moore,CAR,WR,15,0,1,0.0,0,0.0,0.0,0,0,0,0,0,1.0,39.6,2020
102,Jeff Smith,NYJ,WR,12,0,0,0.0,0,0.0,0.0,0,0,0,1,16,0.0,39.6,2020
102,Isaiah Wright,WSH,WR,14,0,1,0.0,0,0.0,0.0,0,0,0,0,0,2.8,39.6,2020
102,James Robinson,JAX,RB,14,0,0,0.0,0,0.0,0.0,0,0,0,1,4,0.0,39.6,2020
102,CeeDee Lamb,DAL,WR,16,0,0,0.0,0,0.0,0.0,0,0,0,1,4,0.0,39.6,2020
1,Tom Brady,TB,QB,17,485,719,67.5,"5,316",7.4,312.7,62,43,12,22,144,73.1,102.1,2021
2,Justin Herbert,LAC,QB,17,443,672,65.9,"5,014",7.5,294.9,72,38,15,31,214,70.9,97.7,2021
3,Matthew Stafford,LAR,QB,17,404,601,67.2,"4,886",8.1,287.4,79,41,17,30,243,69.2,102.9,2021
4,Patrick Mahomes,KC,QB,17,436,658,66.3,"4,839",7.4,284.6,75,37,13,28,146,67.7,98.5,2021
5,Derek Carr,LV,QB,17,428,626,68.4,"4,804",7.7,282.6,61,23,14,40,241,58.4,94.0,2021
6,Joe Burrow,CIN,QB,16,366,520,70.4,"4,611",8.9,288.2,82,34,14,51,370,60.2,108.3,2021
7,Dak Prescott,DAL,QB,16,410,596,68.8,"4,449",7.5,278.1,51,37,10,30,144,60.5,104.2,2021
8,Josh Allen,BUF,QB,17,409,646,63.3,"4,407",6.8,259.2,61,36,15,26,164,66.3,92.2,2021
9,Kirk Cousins,MIN,QB,16,372,561,66.3,"4,221",7.5,263.8,64,33,7,28,197,58.3,103.1,2021
10,Aaron Rodgers,GB,QB,16,366,531,68.9,"4,115",7.8,257.2,75,37,4,30,188,74.1,111.9,2021
11,Matt Ryan,ATL,QB,17,375,560,67.0,"3,968",7.1,233.4,64,20,12,40,274,52.2,90.4,2021
12,Jimmy Garoppolo,SF,QB,15,301,441,68.3,"3,810",8.6,254.0,83,20,12,29,201,59.2,98.7,2021
13,Mac Jones,NE,QB,17,352,521,67.6,"3,801",7.3,223.6,75,22,13,28,241,56.9,92.5,2021
14,Kyler Murray,ARI,QB,14,333,481,69.2,"3,787",7.9,270.5,77,24,10,31,286,63.2,100.6,2021
15,Ben Roethlisberger,PIT,QB,16,390,605,64.5,"3,740",6.2,233.8,59,22,10,38,239,41.3,86.8,2021
16,Ryan Tannehill,TEN,QB,17,357,531,67.2,"3,734",7.0,219.6,57,21,14,47,327,61.8,89.6,2021
17,Trevor Lawrence,JAX,QB,17,359,602,59.6,"3,641",6.0,214.2,58,12,17,32,238,39.1,71.9,2021
18,Carson Wentz,IND,QB,17,322,516,62.4,"3,563",6.9,209.6,76,27,7,32,227,60.6,94.6,2021
19,Taylor Heinicke,WSH,QB,16,321,494,65.0,"3,419",6.9,213.7,73,20,15,38,278,45.8,85.9,2021
20,Jared Goff,DET,QB,14,332,494,67.2,"3,245",6.6,231.8,63,19,8,35,280,45.5,91.5,2021
21,Jalen Hurts,PHI,QB,15,265,432,61.3,"3,144",7.3,209.6,91,16,9,26,150,54.6,87.2,2021
22,Russell Wilson,SEA,QB,14,259,400,64.8,"3,113",7.8,222.4,69,25,6,33,266,60.6,103.1,2021
23,Lamar Jackson,BAL,QB,12,246,382,64.4,"2,882",7.5,240.2,49,16,13,38,190,56.8,87.0,2021
24,Davis Mills,HOU,QB,13,263,394,66.8,"2,664",6.8,204.9,67,16,10,31,206,41.2,88.8,2021
25,Tua Tagovailoa,MIA,QB,13,263,388,67.8,"2,653",6.8,204.1,65,16,10,20,152,55.7,90.1,2021
26,Sam Darnold,CAR,QB,12,243,406,59.9,"2,527",6.2,210.6,63,9,13,35,204,38.8,71.9,2021
27,Zach Wilson,NYJ,QB,13,213,383,55.6,"2,334",6.1,179.5,54,9,11,44,370,33.4,69.7,2021
28,Andy Dalton,CHI,QB,8,149,236,63.1,"1,515",6.4,189.4,60,8,9,18,143,39.2,76.9,2021
29,Jacoby Brissett,MIA,QB,11,141,225,62.7,"1,283",5.7,116.6,52,5,4,19,132,54.3,78.1,2021
30,Trevor Siemian,NO,QB,6,108,188,57.4,"1,154",6.1,192.3,46,11,3,9,64,41.3,88.4,2021
31,Tyler Huntley,BAL,QB,7,122,188,64.9,"1,081",5.8,154.4,43,3,4,18,107,55.0,76.6,2021
32,Taysom Hill,NO,TE,12,78,134,58.2,978,7.3,81.5,70,4,5,9,64,48.5,75.4,2021
33,Tyrod Taylor,HOU,QB,6,91,150,60.7,966,6.4,161.0,52,5,5,13,119,46.4,76.7,2021
34,Mike White,NYJ,QB,4,88,132,66.7,953,7.2,238.3,28,5,8,4,18,56.5,75.1,2021
35,Mike Glennon,NYG,QB,6,90,167,53.9,790,4.7,131.7,60,4,10,9,68,14.7,49.7,2021
36,Drew Lock,DEN,QB,6,67,111,60.4,787,7.1,131.2,44,2,2,9,52,28.1,80.4,2021
37,Colt McCoy,ARI,QB,8,74,99,74.7,740,7.5,92.5,50,3,1,6,40,60.4,101.4,2021
38,Geno Smith,SEA,QB,4,65,95,68.4,702,7.4,175.5,84,5,1,13,117,51.8,103.0,2021
39,Cam Newton,CAR,QB,8,69,126,54.8,684,5.4,85.5,64,4,5,10,83,30.4,64.4,2021
41,Trey Lance,SF,QB,6,41,71,57.7,603,8.5,100.5,76,5,2,4,15,39.0,97.3,2021
42,Tim Boyle,DET,QB,5,61,94,64.9,526,5.6,105.2,42,3,6,0,0,31.4,63.5,2021
43,Case Keenum,CLE,QB,7,47,72,65.3,462,6.4,66.0,34,3,1,5,29,42.7,91.3,2021
44,Gardner Minshew,PHI,QB,4,41,60,68.3,439,7.3,109.8,36,4,1,5,31,66.2,104.8,2021
45,Cooper Rush,DAL,QB,5,30,47,63.8,422,9.0,84.4,73,3,1,3,19,47.8,105.1,2021
46,Jordan Love,GB,QB,6,36,62,58.1,411,6.6,68.5,62,2,3,3,23,36.8,68.7,2021
47,PJ Walker,CAR,QB,5,36,66,54.5,362,5.5,72.4,24,1,3,7,47,23.4,56.5,2021
48,Joe Flacco,NYJ,QB,2,27,42,64.3,338,8.0,169.0,62,3,0,2,13,49.5,113.0,2021
49,Mason Rudolph,PIT,QB,2,35,58,60.3,277,4.8,138.5,36,1,1,0,0,45.4,70.8,2021
50,Nick Foles,CHI,QB,1,24,35,68.6,250,7.1,250.0,30,1,0,4,21,51.6,98.5,2021
51,Brian Hoyer,NE,QB,5,9,11,81.8,227,20.6,45.4,48,1,0,0,0,97.9,149.1,2021
52,Jake Fromm,NYG,QB,3,27,60,45.0,210,3.5,70.0,36,1,3,6,33,18.8,38.9,2021
53,Garrett Gilbert,WSH,QB,1,20,31,64.5,194,6.3,194.0,46,0,0,2,20,45.6,81.9,2021
54,Sean Mannion,MIN,QB,1,22,36,61.1,189,5.3,189.0,30,1,0,2,15,39.1,84.1,2021
55,Brandon Allen,CIN,QB,6,17,34,50.0,149,4.4,24.8,26,2,0,4,33,10.4,81.6,2021
56,Nick Mullens,CLE,QB,1,20,30,66.7,147,4.9,147.0,25,1,0,0,0,81.5,89.2,2021
57,Ian Book,NO,QB,1,12,20,60.0,135,6.8,135.0,56,0,2,8,54,2.8,40.6,2021
58,Kyle Allen,WSH,QB,2,12,19,63.2,120,6.3,60.0,19,1,0,2,5,29.3,98.6,2021
59,Cedrick Wilson Jr.,DAL,WR,16,3,3,100.0,88,29.3,5.5,35,0,0,0,0,99.9,118.8,2021
60,Chad Henne,KC,QB,4,11,16,68.8,82,5.1,20.5,17,0,0,0,0,74.1,80.7,2021
61,Tom Kennedy,DET,WR,12,1,1,100.0,75,75.0,6.3,75,1,0,0,0,100.0,158.3,2021
62,Blaine Gabbert,TB,QB,6,7,11,63.6,67,6.1,11.2,23,0,0,1,10,36.6,80.5,2021
63,Tyler Boyd,CIN,WR,16,1,1,100.0,46,46.0,2.9,46,0,0,0,0,99.0,118.8,2021
64,Jakobi Meyers,NE,WR,17,2,2,100.0,45,22.5,2.6,30,0,0,0,0,78.1,118.8,2021
65,Mitchell Trubisky,BUF,QB,6,6,8,75.0,43,5.4,7.2,15,0,1,0,0,77.7,47.4,2021
66,Jack Fox,DET,P,17,2,3,66.7,38,12.7,2.2,21,0,0,0,0,,109.7,2021
67,Justin Jefferson,MIN,WR,17,2,4,50.0,35,8.8,2.1,24,0,0,0,0,48.7,80.2,2021
68,Christian Kirk,ARI,WR,17,1,1,100.0,33,33.0,1.9,33,0,0,0,0,100.0,118.8,2021
69,Kendrick Bourne,NE,WR,17,1,1,100.0,25,25.0,1.5,25,1,0,0,0,100.0,158.3,2021
69,Jacob Eason,IND,QB,1,2,5,40.0,25,5.0,25.0,15,0,1,0,0,0.1,16.7,2021
71,Deebo Samuel Sr.,SF,WR,16,1,2,50.0,24,12.0,1.5,24,1,0,0,0,99.0,133.3,2021
72,Chris Banjo,ARI,S,16,1,1,100.0,23,23.0,1.4,23,0,0,0,0,,118.8,2021
73,Josh Rosen,ATL,QB,4,2,11,18.2,19,1.7,4.8,14,0,2,0,0,0.2,0.0,2021
73,Kadarius Toney,NYG,WR,10,1,3,33.3,19,6.3,1.9,19,0,0,1,6,2.3,56.3,2021
75,Courtland Sutton,DEN,WR,17,1,1,100.0,16,16.0,0.9,16,0,0,0,0,100.0,118.8,2021
75,Tommy Townsend,KC,P,16,1,1,100.0,16,16.0,1.0,16,0,0,0,0,,118.8,2021
77,Matthias Farley,TEN,S,17,1,1,100.0,6,6.0,0.4,6,0,0,0,0,,91.7,2021
78,Derrick Henry,TEN,RB,8,1,1,100.0,5,5.0,0.6,5,1,0,0,0,80.6,127.1,2021
78,John Wolford,LAR,QB,3,1,4,25.0,5,1.3,1.7,5,0,1,1,8,0.1,0.0,2021
78,Kellen Mond,MIN,QB,1,2,3,66.7,5,1.7,5.0,6,0,0,0,0,18.2,70.1,2021
81,Marcus Mariota,LV,QB,10,1,2,50.0,4,2.0,0.4,4,0,0,0,0,46.2,56.3,2021
81,Ezekiel Elliott,DAL,RB,17,1,1,100.0,4,4.0,0.2,4,0,0,0,0,12.2,83.3,2021
83,Johnny Hekker,LAR,P,17,1,1,100.0,2,2.0,0.1,2,0,0,0,0,,79.2,2021
83,Greg Ward,PHI,WR,17,1,2,50.0,2,1.0,0.1,2,0,0,0,0,0.0,56.3,2021
85,Kendall Hinton,DEN,WR,16,1,1,100.0,1,1.0,0.1,1,0,0,0,0,100.0,79.2,2021
86,Sam Koch,BAL,P,17,0,1,0.0,0,0.0,0.0,0,0,0,0,0,,39.6,2021
86,Danny Amendola,HOU,WR,8,0,1,0.0,0,0.0,0.0,0,0,0,0,0,4.1,39.6,2021
86,Cole Beasley,BUF,WR,16,0,1,0.0,0,0.0,0.0,0,0,0,0,0,2.9,39.6,2021
86,Cordarrelle Patterson,ATL,RB,16,0,1,0.0,0,0.0,0.0,0,0,0,0,0,3.7,39.6,2021
86,Keenan Allen,LAC,WR,16,0,1,0.0,0,0.0,0.0,0,0,0,0,0,57.3,39.6,2021
86,Rex Burkhead,HOU,RB,16,0,1,0.0,0,0.0,0.0,0,0,0,0,0,3.0,39.6,2021
86,Jarvis Landry,CLE,WR,12,0,0,0.0,0,0.0,0.0,0,0,0,1,1,98.1,39.6,2021
86,Albert Wilson,MIA,WR,14,0,1,0.0,0,0.0,0.0,0,0,0,1,1,0.1,39.6,2021
86,Chris Boswell,PIT,PK,17,0,1,0.0,0,0.0,0.0,0,0,0,0,0,,39.6,2021
86,Jamison Crowder,NYJ,WR,12,0,0,0.0,0,0.0,0.0,0,0,0,1,3,87.5,39.6,2021
86,Riley Dixon,NYG,P,17,0,1,0.0,0,0.0,0.0,0,0,0,0,0,,39.6,2021
86,Ty Long,LAC,P,17,0,1,0.0,0,0.0,0.0,0,0,0,0,0,,39.6,2021
86,Stefon Diggs,BUF,WR,17,0,0,0.0,0,0.0,0.0,0,0,0,1,2,0.4,39.6,2021
86,Cooper Kupp,LAR,WR,17,0,1,0.0,0,0.0,0.0,0,0,0,0,0,12.9,39.6,2021
86,Keelan Cole Sr.,NYJ,WR,15,0,1,0.0,0,0.0,0.0,0,0,0,0,0,4.4,39.6,2021
86,Mike Gesicki,MIA,TE,17,0,1,0.0,0,0.0,0.0,0,0,0,0,0,5.3,39.6,2021
86,David Blough,DET,QB,1,0,0,0.0,0,0.0,0.0,0,0,0,1,6,0.1,39.6,2021
86,Brett Rypien,DEN,QB,1,0,2,0.0,0,0.0,0.0,0,0,0,0,0,1.4,39.6,2021
86,Feleipe Franks,ATL,TE,9,0,1,0.0,0,0.0,0.0,0,0,1,0,0,1.0,0.0,2021
86,David Montgomery,CHI,RB,13,0,1,0.0,0,0.0,0.0,0,0,1,0,0,25.6,0.0,2021
86,Blake Gillikin,NO,P,17,0,1,0.0,0,0.0,0.0,0,0,0,0,0,,39.6,2021
86,A.J. Brown,TEN,WR,13,0,2,0.0,0,0.0,0.0,0,0,0,0,0,3.0,39.6,2021
86,D'Andre Swift,DET,RB,13,0,1,0.0,0,0.0,0.0,0,0,0,0,0,0.6,39.6,2021
86,Brandon Zylstra,CAR,WR,14,0,1,0.0,0,0.0,0.0,0,0,0,0,0,0.5,39.6,2021
1,Patrick Mahomes,KC,QB,17,435,648,67.1,"5,250",8.1,308.8,67,41,12,26,188,79.0,105.2,2022
2,Justin Herbert,LAC,QB,17,477,699,68.2,"4,739",6.8,278.8,55,25,10,38,206,60.2,93.2,2022
3,Tom Brady,TB,QB,17,490,733,66.8,"4,694",6.4,276.1,63,25,9,22,160,54.6,90.7,2022
4,Kirk Cousins,MIN,QB,17,424,643,65.9,"4,547",7.1,267.5,66,29,14,46,329,52.3,92.5,2022
5,Joe Burrow,CIN,QB,16,414,606,68.3,"4,475",7.4,279.7,60,35,12,41,259,60.8,100.8,2022
6,Jared Goff,DET,QB,17,382,587,65.1,"4,438",7.6,261.1,81,29,7,23,156,63.3,99.3,2022
7,Josh Allen,BUF,QB,16,359,567,63.3,"4,283",7.6,267.7,98,35,14,33,162,73.4,96.6,2022
8,Geno Smith,SEA,QB,17,399,572,69.8,"4,282",7.5,251.9,54,30,11,46,348,62.8,100.9,2022
9,Trevor Lawrence,JAX,QB,17,387,584,66.3,"4,113",7.0,241.9,59,25,8,27,184,56.1,95.2,2022
10,Jalen Hurts,PHI,QB,15,306,460,66.5,"3,701",8.0,246.7,68,22,6,38,231,68.3,101.5,2022
11,Aaron Rodgers,GB,QB,17,350,542,64.6,"3,695",6.8,217.4,58,26,12,32,258,41.3,91.1,2022
12,Tua Tagovailoa,MIA,QB,13,259,400,64.8,"3,548",8.9,272.9,84,25,8,21,163,70.6,105.5,2022
13,Russell Wilson,DEN,QB,15,292,483,60.5,"3,524",7.3,234.9,67,16,11,55,368,38.7,84.4,2022
14,Derek Carr,LV,QB,15,305,502,60.8,"3,522",7.0,234.8,60,24,14,27,191,57.6,86.3,2022
15,Daniel Jones,NYG,QB,16,317,472,67.2,"3,205",6.8,200.3,65,15,5,44,243,62.9,92.5,2022
16,Davis Mills,HOU,QB,15,292,479,61.0,"3,118",6.5,207.9,58,17,15,31,244,35.0,78.8,2022
17,Matt Ryan,IND,QB,12,309,461,67.0,"3,057",6.6,254.8,45,14,13,38,287,44.9,83.9,2022
18,Mac Jones,NE,QB,14,288,442,65.2,"2,997",6.8,214.1,48,14,11,34,231,38.4,84.8,2022
19,Andy Dalton,NO,QB,14,252,378,66.7,"2,871",7.6,205.1,64,18,9,25,189,53.1,95.2,2022
20,Dak Prescott,DAL,QB,12,261,394,66.2,"2,860",7.3,238.3,68,23,15,20,126,59.9,91.1,2022
21,Jacoby Brissett,CLE,QB,16,236,369,64.0,"2,608",7.1,163.0,55,12,6,24,160,62.0,88.9,2022
22,Ryan Tannehill,TEN,QB,12,212,325,65.2,"2,536",7.8,211.3,69,13,6,33,238,51.2,94.6,2022
23,Jimmy Garoppolo,SF,QB,11,207,308,67.2,"2,437",7.9,221.5,57,16,4,18,100,56.3,103.0,2022
24,Kenny Pickett,PIT,QB,13,245,389,63.0,"2,404",6.2,184.9,57,7,9,27,182,53.6,76.7,2022
25,Kyler Murray,ARI,QB,11,259,390,66.4,"2,368",6.1,215.3,38,14,7,25,192,53.6,87.2,2022
26,Lamar Jackson,BAL,QB,12,203,326,62.3,"2,242",6.9,186.8,75,17,7,26,114,61.1,91.1,2022
26,Justin Fields,CHI,QB,15,192,318,60.4,"2,242",7.1,149.5,56,17,11,55,359,56.3,85.2,2022
28,Marcus Mariota,ATL,QB,13,184,300,61.3,"2,219",7.4,170.7,75,15,9,28,195,57.7,88.2,2022
30,Matthew Stafford,LAR,QB,9,206,303,68.0,"2,087",6.9,231.9,75,10,8,29,208,52.3,87.4,2022
31,Taylor Heinicke,WSH,QB,9,161,259,62.2,"1,859",7.2,206.6,61,12,6,19,141,46.5,89.6,2022
32,Carson Wentz,WSH,QB,8,172,276,62.3,"1,755",6.4,219.4,75,11,9,26,159,34.4,80.2,2022
33,Zach Wilson,NYJ,QB,9,132,242,54.5,"1,688",7.0,187.6,79,6,7,23,175,38.5,72.8,2022
34,Brock Purdy,SF,QB,9,114,170,67.1,"1,374",8.1,152.7,54,13,4,11,84,67.5,107.3,2022
35,Mitchell Trubisky,PIT,QB,7,117,180,65.0,"1,252",7.0,178.9,45,4,5,11,68,58.5,81.1,2022
36,Mike White,NYJ,QB,4,103,175,58.9,"1,192",6.8,298.0,60,3,4,9,76,38.9,75.7,2022
37,Sam Darnold,CAR,QB,6,82,140,58.6,"1,143",8.2,190.5,52,7,3,10,78,51.4,92.6,2022
38,Deshaun Watson,CLE,QB,6,99,170,58.2,"1,102",6.5,183.7,46,7,5,20,106,40.4,79.1,2022
39,Joe Flacco,NYJ,QB,5,110,191,57.6,"1,051",5.5,210.2,66,5,3,10,66,36.1,75.2,2022
39,Cooper Rush,DAL,QB,9,94,162,58.0,"1,051",6.5,116.8,46,5,3,7,49,60.8,80.0,2022
41,Jameis Winston,NO,QB,3,73,115,63.5,858,7.5,286.0,51,4,5,11,74,34.7,79.5,2022
42,Bailey Zappe,NE,QB,4,65,92,70.7,781,8.5,195.3,53,5,3,6,40,36.4,100.9,2022
43,Colt McCoy,ARI,QB,4,90,132,68.2,780,5.9,195.0,47,1,3,13,97,39.3,76.6,2022
44,PJ Walker,CAR,QB,6,63,106,59.4,731,6.9,121.8,62,3,3,7,46,25.1,78.0,2022
45,Desmond Ridder,ATL,QB,4,73,115,63.5,708,6.2,177.0,40,2,0,9,33,52.0,86.4,2022
46,Teddy Bridgewater,MIA,QB,5,49,79,62.0,683,8.6,136.6,64,4,4,7,45,49.5,85.6,2022
47,Gardner Minshew,PHI,QB,5,44,76,57.9,663,8.7,132.6,78,3,3,6,28,41.6,83.4,2022
48,Tyler Huntley,BAL,QB,6,75,112,67.0,658,5.9,109.7,40,2,3,7,34,43.0,77.2,2022
49,Jarrett Stidham,LV,QB,5,53,83,63.9,656,7.9,131.2,60,4,3,7,47,59.7,89.2,2022
50,Sam Ehlinger,IND,QB,4,64,101,63.4,573,5.7,143.3,47,3,3,14,87,33.8,76.1,2022
51,Skylar Thompson,MIA,QB,7,60,105,57.1,534,5.1,76.3,32,1,3,6,40,28.7,62.2,2022
52,Brett Rypien,DEN,QB,4,53,88,60.2,483,5.5,120.8,45,2,4,8,47,25.8,63.8,2022
53,Kyle Allen,HOU,QB,2,46,78,59.0,416,5.3,208.0,39,2,4,5,41,3.7,60.6,2022
54,Trace McSorley,ARI,QB,6,45,83,54.2,412,5.0,68.7,47,0,5,3,27,10.6,42.8,2022
55,Joshua Dobbs,TEN,QB,2,40,68,58.8,411,6.0,205.5,39,2,2,6,26,52.8,73.8,2022
56,David Blough,ARI,QB,2,38,58,65.5,402,6.9,201.0,77,2,2,5,24,29.8,82.7,2022
57,John Wolford,LAR,QB,3,38,62,61.3,390,6.3,130.0,30,1,3,7,49,24.2,64.6,2022
58,Anthony Brown Jr.,BAL,QB,2,22,49,44.9,302,6.2,151.0,47,0,2,5,14,9.0,48.2,2022
59,Malik Willis,TEN,QB,8,31,61,50.8,276,4.5,34.5,48,0,3,10,49,13.3,42.8,2022
60,Taysom Hill,NO,TE,16,13,19,68.4,240,12.6,15.0,68,2,0,2,14,79.7,146.3,2022
61,Nick Foles,IND,QB,3,25,42,59.5,224,5.3,74.7,49,0,4,8,48,8.0,34.3,2022
61,Nick Mullens,MIN,QB,4,21,25,84.0,224,9.0,56.0,37,1,1,0,0,58.3,100.7,2022
63,Jordan Love,GB,QB,4,14,21,66.7,195,9.3,48.8,63,1,0,0,0,83.2,112.2,2022
64,Trey Lance,SF,QB,2,15,31,48.4,194,6.3,97.0,44,0,1,2,9,36.9,55.0,2022
65,Trevor Siemian,CHI,QB,2,15,26,57.7,184,7.1,92.0,33,1,1,2,14,27.9,76.4,2022
66,Sam Howell,WSH,QB,1,11,19,57.9,169,8.9,169.0,52,1,1,3,11,48.3,83.0,2022
67,Davis Webb,NYG,QB,1,23,40,57.5,168,4.2,168.0,25,1,0,0,0,76.9,75.8,2022
68,Bryce Perkins,LAR,QB,5,19,34,55.9,161,4.7,32.2,20,1,2,6,50,28.7,53.7,2022
69,Nathan Peterman,CHI,QB,3,14,25,56.0,139,5.6,46.3,28,1,1,1,6,41.9,68.6,2022
70,Jeff Driskel,HOU,QB,7,14,20,70.0,108,5.4,15.4,28,1,0,2,13,20.9,99.6,2022
71,Chris Streveler,NYJ,QB,2,10,15,66.7,90,6.0,45.0,30,0,0,0,0,73.9,82.6,2022
72,Jacob Eason,CAR,QB,1,3,5,60.0,59,11.8,59.0,49,0,1,0,0,0.9,61.7,2022
73,Tyrod Taylor,NYG,QB,3,6,8,75.0,58,7.3,19.3,19,1,1,3,18,11.6,94.8,2022
74,Chase Daniel,LAC,QB,4,8,12,66.7,52,4.3,13.0,13,1,0,1,1,59.9,103.5,2022
75,Brian Hoyer,NE,QB,1,5,6,83.3,37,6.2,37.0,27,0,0,1,8,28.4,92.4,2022
76,C.J. Beathard,JAX,QB,4,7,11,63.6,35,3.2,8.8,11,0,1,1,5,22.9,30.5,2022
77,Justin Jefferson,MIN,WR,17,2,2,100.0,34,17.0,2.0,23,0,0,0,0,95.2,118.8,2022
79,Tim Boyle,CHI,QB,1,2,8,25.0,33,4.1,33.0,17,0,2,0,0,1.2,4.7,2022
80,Blaine Gabbert,TB,QB,1,6,8,75.0,29,3.6,29.0,13,1,0,0,0,59.9,119.3,2022
81,Tyler Boyd,CIN,WR,16,1,1,100.0,23,23.0,1.4,23,0,0,1,12,14.3,118.8,2022
81,Kyle Trask,TB,QB,1,3,9,33.3,23,2.6,23.0,9,0,0,0,0,1.7,42.4,2022
83,Brandon Allen,CIN,QB,1,3,3,100.0,22,7.3,22.0,13,0,0,1,0,46.5,97.2,2022
84,Riley Dixon,LAR,P,17,2,2,100.0,18,9.0,1.1,12,0,0,0,0,,104.2,2022
85,Braden Mann,NYJ,P,17,1,2,50.0,17,8.5,1.0,17,0,0,0,0,0.0,79.2,2022
86,Ryan Wright,MIN,P,17,1,2,50.0,13,6.5,0.8,13,0,0,0,0,,70.8,2022
87,Josh Johnson,SF,QB,2,1,2,50.0,10,5.0,5.0,10,0,0,0,0,21.9,64.6,2022
88,Case Keenum,BUF,QB,2,2,7,28.6,8,1.1,4.0,5,0,0,0,0,4.7,39.6,2022
89,Jack Fox,DET,P,17,1,1,100.0,6,6.0,0.4,6,0,0,0,0,,91.7,2022
90,Andy Lee,ARI,P,17,1,1,100.0,4,4.0,0.2,4,0,0,0,0,,83.3,2022
90,Mack Hollins,LV,WR,17,1,1,100.0,4,4.0,0.2,4,0,0,0,0,23.6,83.3,2022
90,Derrick Henry,TEN,RB,16,2,2,100.0,4,2.0,0.3,3,1,0,0,0,45.2,118.8,2022
90,Najee Harris,PIT,RB,17,1,1,100.0,4,4.0,0.2,4,0,0,0,0,10.8,83.3,2022
94,Braxton Berrios,NYJ,WR,17,1,1,100.0,2,2.0,0.1,2,1,0,0,0,99.6,118.8,2022
96,Chad Henne,KC,QB,3,0,2,0.0,0,0.0,0.0,0,0,0,0,0,3.8,39.6,2022
96,Rex Burkhead,HOU,RB,16,0,1,0.0,0,0.0,0.0,0,0,0,0,0,3.2,39.6,2022
96,Davante Adams,LV,WR,17,0,0,0.0,0,0.0,0.0,0,0,0,1,10,0.0,39.6,2022
96,Phillip Dorsett II,HOU,WR,15,0,1,0.0,0,0.0,0.0,0,0,0,0,0,2.7,39.6,2022
96,Amari Cooper,CLE,WR,17,0,1,0.0,0,0.0,0.0,0,0,1,0,0,0.0,0.0,2022
96,Cooper Kupp,LAR,WR,9,0,1,0.0,0,0.0,0.0,0,0,0,0,0,3.3,39.6,2022
96,Nate Sudfeld,DET,QB,2,0,0,0.0,0,0.0,0.0,0,0,0,1,7,0.7,39.6,2022
96,Leonard Fournette,TB,RB,16,0,1,0.0,0,0.0,0.0,0,0,1,0,0,0.0,0.0,2022
96,Dalvin Cook,MIN,RB,17,0,0,0.0,0,0.0,0.0,0,0,0,1,5,0.0,39.6,2022
96,Christian Kirk,JAX,WR,17,0,1,0.0,0,0.0,0.0,0,0,0,0,0,10.7,39.6,2022
96,Tommy Townsend,KC,P,17,0,1,0.0,0,0.0,0.0,0,0,0,0,0,,39.6,2022
96,James Proche II,BAL,WR,15,0,1,0.0,0,0.0,0.0,0,0,1,0,0,0.0,0.0,2022
96,Jamie Gillan,NYG,P,17,0,0,0.0,0,0.0,0.0,0,0,0,1,11,,39.6,2022
96,Cedrick Wilson Jr.,MIA,WR,15,0,0,0.0,0,0.0,0.0,0,0,0,1,6,0.2,39.6,2022
96,DeeJay Dallas,SEA,RB,15,0,1,0.0,0,0.0,0.0,0,0,1,0,0,0.0,0.0,2022
96,Ja'Marr Chase,CIN,WR,12,0,0,0.0,0,0.0,0.0,0,0,0,1,9,0.0,39.6,2022
96,Garrett Wilson,NYJ,WR,17,0,1,0.0,0,0.0,0.0,0,0,0,0,0,0.8,39.6,2022
1,Tua Tagovailoa,MIA,QB,17,388,560,69.3,"4,624",8.3,272.0,78,29,14,29,171,61.5,101.1,2023
2,Jared Goff,DET,QB,17,407,605,67.3,"4,575",7.6,269.1,70,30,12,30,197,61.1,97.9,2023
3,Dak Prescott,DAL,QB,17,410,590,69.5,"4,516",7.7,265.6,92,36,9,39,255,73.4,105.9,2023
4,Josh Allen,BUF,QB,17,385,579,66.5,"4,306",7.4,253.3,81,29,18,24,152,70.3,92.2,2023
5,Brock Purdy,SF,QB,16,308,444,69.4,"4,280",9.6,267.5,76,31,11,28,153,73.4,113.0,2023
6,Patrick Mahomes,KC,QB,16,401,597,67.2,"4,183",7.0,261.4,67,27,14,27,186,63.9,92.6,2023
7,Jordan Love,GB,QB,17,372,579,64.2,"4,159",7.2,244.6,77,32,11,30,242,62.9,96.1,2023
8,C.J. Stroud,HOU,QB,15,319,499,63.9,"4,108",8.2,273.9,75,23,5,38,331,58.3,100.8,2023
9,Baker Mayfield,TB,QB,17,364,566,64.3,"4,044",7.1,237.9,75,28,10,40,232,55.1,94.6,2023
10,Trevor Lawrence,JAX,QB,16,370,564,65.6,"4,016",7.1,251.0,65,21,14,35,224,56.9,88.5,2023
11,Matthew Stafford,LAR,QB,15,326,521,62.6,"3,965",7.6,264.3,80,24,11,30,205,64.2,92.5,2023
12,Sam Howell,WSH,QB,17,388,612,63.4,"3,946",6.4,232.1,51,21,21,65,449,43.2,78.9,2023
13,Derek Carr,NO,QB,17,375,548,68.4,"3,878",7.1,228.1,58,25,8,31,218,57.3,97.7,2023
14,Jalen Hurts,PHI,QB,17,352,538,65.4,"3,858",7.2,226.9,63,23,15,36,222,60.9,89.1,2023
15,Lamar Jackson,BAL,QB,16,307,457,67.2,"3,678",8.0,229.9,80,24,7,37,218,65.4,102.7,2023
16,Geno Smith,SEA,QB,15,323,499,64.7,"3,624",7.3,241.6,73,20,9,31,231,60.3,92.1,2023
17,Gardner Minshew,IND,QB,17,305,490,62.2,"3,305",6.7,194.4,75,15,9,34,187,60.4,84.6,2023
18,Justin Herbert,LAC,QB,13,297,456,65.1,"3,134",6.9,241.1,60,20,7,29,233,64.8,93.2,2023
19,Russell Wilson,DEN,QB,15,297,447,66.4,"3,070",6.9,204.7,60,26,8,45,258,51.5,98.0,2023
20,Bryce Young,CAR,QB,16,315,527,59.8,"2,877",5.5,179.8,48,11,10,62,477,34.1,73.7,2023
21,Desmond Ridder,ATL,QB,15,249,388,64.2,"2,836",7.3,189.1,71,12,12,31,197,40.8,83.4,2023
22,Justin Fields,CHI,QB,13,227,370,61.4,"2,562",6.9,197.1,58,16,9,44,285,46.9,86.3,2023
24,Kirk Cousins,MIN,QB,8,216,311,69.5,"2,331",7.5,291.4,62,18,5,17,110,64.0,103.8,2023
25,Joe Burrow,CIN,QB,10,244,365,66.8,"2,309",6.3,230.9,64,15,6,24,180,52.4,91.0,2023
26,Zach Wilson,NYJ,QB,12,221,368,60.1,"2,271",6.2,189.3,68,8,7,46,340,31.3,77.2,2023
27,Aidan O'Connell,LV,QB,11,213,343,62.1,"2,218",6.5,201.6,50,12,7,24,173,41.3,83.9,2023
28,Mac Jones,NE,QB,11,224,345,64.9,"2,120",6.1,192.7,58,10,12,22,127,37.5,77.0,2023
29,Kenny Pickett,PIT,QB,12,201,324,62.0,"2,070",6.4,172.5,72,6,4,23,173,38.9,81.4,2023
30,Jake Browning,CIN,QB,9,171,243,70.4,"1,936",8.0,215.1,80,12,7,24,169,60.8,98.4,2023
31,Will Levis,TEN,QB,9,149,255,58.4,"1,808",7.1,200.9,61,8,4,28,185,34.0,84.2,2023
32,Kyler Murray,ARI,QB,8,176,268,65.7,"1,799",6.7,224.9,48,10,5,18,119,48.0,89.4,2023
33,Joe Flacco,CLE,QB,5,123,204,60.3,"1,616",7.9,323.2,75,13,8,8,57,49.1,90.2,2023
33,Ryan Tannehill,TEN,QB,10,149,230,64.8,"1,616",7.0,161.6,70,4,7,32,230,35.8,78.5,2023
35,Tyrod Taylor,NYG,QB,11,116,180,64.4,"1,341",7.4,121.9,80,5,3,17,94,48.6,89.1,2023
36,Nick Mullens,MIN,QB,5,100,148,67.6,"1,306",8.8,261.2,47,7,8,12,105,50.6,88.4,2023
37,Bailey Zappe,NE,QB,10,127,212,59.9,"1,272",6.0,127.2,48,6,9,25,191,23.9,68.8,2023
38,Jimmy Garoppolo,LV,QB,7,110,169,65.1,"1,205",7.1,172.1,32,7,9,14,101,34.7,77.7,2023
39,Easton Stick,LAC,QB,5,111,174,63.8,"1,129",6.5,225.8,79,3,1,14,122,51.8,85.6,2023
40,Deshaun Watson,CLE,QB,6,105,171,61.4,"1,115",6.5,185.8,59,7,4,17,85,43.7,84.3,2023
41,Tommy DeVito,NYG,QB,9,114,178,64.0,"1,101",6.2,122.3,41,8,3,37,196,24.3,89.2,2023
42,Daniel Jones,NYG,QB,6,108,160,67.5,909,5.7,151.5,58,2,6,30,167,37.1,70.5,2023
43,Taylor Heinicke,ATL,QB,5,74,136,54.4,890,6.5,178.0,75,5,4,8,47,48.5,74.7,2023
44,Tyson Bagent,CHI,QB,5,94,143,65.7,859,6.0,171.8,41,3,6,5,35,52.6,71.4,2023
45,Trevor Siemian,NYJ,QB,5,86,153,56.2,724,4.7,144.8,30,2,4,8,40,14.8,62.1,2023
46,Mason Rudolph,PIT,QB,4,55,74,74.3,719,9.7,179.8,86,3,0,6,43,71.3,118.0,2023
47,PJ Walker,CLE,QB,6,54,111,48.6,674,6.1,112.3,58,1,5,11,90,19.1,52.2,2023
48,Mitchell Trubisky,PIT,QB,5,67,107,62.6,632,5.9,126.4,26,4,5,7,42,35.3,71.9,2023
49,Anthony Richardson,IND,QB,4,50,84,59.5,577,6.9,144.3,39,3,1,7,29,45.8,87.3,2023
50,Drew Lock,SEA,QB,4,48,76,63.2,543,7.1,135.8,51,3,3,6,26,44.9,81.2,2023
51,Jarrett Stidham,DEN,QB,3,40,66,60.6,496,7.5,165.3,54,2,1,7,46,31.8,87.7,2023
52,Dorian Thompson-Robinson,CLE,QB,8,60,112,53.6,440,3.9,55.0,23,1,4,6,60,35.1,51.2,2023
53,Andy Dalton,CAR,QB,3,34,58,58.6,361,6.2,120.3,47,2,0,3,27,49.2,88.4,2023
54,Tim Boyle,NYJ,QB,3,48,77,62.3,360,4.7,120.0,36,1,4,9,64,11.2,56.2,2023
55,C.J. Beathard,JAX,QB,7,40,53,75.5,349,6.6,49.9,48,1,0,6,27,56.0,98.7,2023
56,Sam Darnold,SF,QB,10,28,46,60.9,297,6.5,29.7,48,2,1,6,40,50.1,85.1,2023
57,Case Keenum,HOU,QB,2,34,53,64.2,291,5.5,145.5,41,1,3,6,60,21.7,61.1,2023
58,Jameis Winston,NO,QB,7,25,47,53.2,264,5.6,37.7,30,2,3,2,13,36.4,57.4,2023
59,Brian Hoyer,LV,QB,3,23,42,54.8,231,5.5,77.0,48,0,2,1,8,69.6,50.8,2023
60,Jacoby Brissett,WSH,QB,3,18,23,78.3,224,9.7,74.7,48,3,0,0,0,95.7,146.8,2023
61,Tyler Huntley,BAL,QB,5,21,37,56.8,203,5.5,40.6,27,3,0,4,28,57.5,99.3,2023
62,Blaine Gabbert,KC,QB,2,18,35,51.4,185,5.3,92.5,37,0,3,1,9,48.0,31.3,2023
63,Davis Mills,HOU,QB,6,18,39,46.2,173,4.4,28.8,19,2,0,2,13,49.5,76.1,2023
64,Brett Rypien,LAR,QB,2,18,38,47.4,172,4.5,86.0,34,0,1,2,18,20.4,49.5,2023
65,Jaren Hall,MIN,QB,3,13,20,65.0,168,8.4,56.0,47,0,1,4,28,5.3,70.4,2023
66,Jeff Driskel,CLE,QB,1,13,26,50.0,166,6.4,166.0,31,2,2,3,26,4.2,63.9,2023
67,Marcus Mariota,PHI,QB,3,15,23,65.2,164,7.1,54.7,22,1,1,3,11,60.7,82.5,2023
68,Carson Wentz,LAR,QB,2,17,24,70.8,163,6.8,81.5,29,2,1,2,14,90.2,99.8,2023
69,Cooper Rush,DAL,QB,7,18,24,75.0,144,6.0,20.6,29,0,1,1,8,52.9,72.2,2023
70,Taysom Hill,NO,TE,16,6,11,54.5,83,7.5,5.2,44,1,0,2,4,50.8,109.3,2023
71,Mike White,MIA,QB,6,5,6,83.3,74,12.3,12.3,68,1,1,0,0,0.1,118.1,2023
71,Malik Willis,TEN,QB,3,4,5,80.0,74,14.8,24.7,48,0,0,4,30,3.1,118.8,2023
73,Clayton Tune,ARI,QB,7,12,21,57.1,62,3.0,8.9,14,0,2,7,41,1.2,22.6,2023
74,Keenan Allen,LAC,WR,13,1,2,50.0,49,24.5,3.8,49,1,0,0,0,98.9,135.4,2023
75,Sean Clifford,GB,QB,2,1,1,100.0,37,37.0,18.5,37,0,0,0,0,100.0,118.8,2023
76,Jalen Reeves-Maybin,DET,LB,17,1,1,100.0,31,31.0,1.8,31,0,0,0,0,,118.8,2023
77,Braden Mann,PHI,P,15,1,1,100.0,28,28.0,1.9,28,0,0,0,0,,118.8,2023
78,Logan Woodside,ATL,QB,1,3,4,75.0,27,6.8,27.0,12,0,1,1,7,4.6,53.1,2023
79,Drake London,ATL,WR,16,1,1,100.0,22,22.0,1.4,22,0,0,0,0,99.9,118.8,2023
80,AJ McCarron,CIN,QB,2,4,5,80.0,19,3.8,9.5,10,0,0,1,9,1.7,82.5,2023
81,Thomas Morstead,NYJ,P,17,1,1,100.0,18,18.0,1.1,18,0,0,0,0,,118.8,2023
82,Kenneth Gainwell,PHI,RB,16,1,1,100.0,17,17.0,1.1,17,0,0,0,0,98.9,118.8,2023
83,Derrick Henry,TEN,RB,17,2,3,66.7,14,4.7,0.8,12,2,0,0,0,94.6,116.7,2023
83,Dontayvion Wicks,GB,WR,15,1,1,100.0,14,14.0,0.9,14,0,0,0,0,94.4,118.8,2023
85,Logan Cooke,JAX,P,17,1,1,100.0,13,13.0,0.8,13,0,0,0,0,,118.8,2023
86,Jakobi Meyers,LV,WR,16,2,3,66.7,12,4.0,0.8,9,1,0,0,0,39.8,113.9,2023
87,Tommy Townsend,KC,P,17,1,1,100.0,11,11.0,0.6,11,0,0,0,0,,112.5,2023
88,Johnny Hekker,CAR,P,17,1,1,100.0,7,7.0,0.4,7,0,0,0,0,,95.8,2023
89,Devin Singletary,HOU,RB,17,1,1,100.0,6,6.0,0.4,6,1,0,0,0,100.0,131.3,2023
90,Jerick McKinnon,KC,RB,12,1,1,100.0,4,4.0,0.3,4,1,0,0,0,90.1,122.9,2023
90,Dyami Brown,WSH,WR,17,1,1,100.0,4,4.0,0.2,4,0,0,0,0,2.2,83.3,2023
92,Aaron Rodgers,NYJ,QB,1,0,1,0.0,0,0.0,0.0,0,0,0,1,10,2.6,39.6,2023
92,DeAndre Hopkins,TEN,WR,17,0,1,0.0,0,0.0,0.0,0,0,0,0,0,17.6,39.6,2023
92,Nathan Peterman,CHI,QB,2,0,0,0.0,0,0.0,0.0,0,0,0,1,5,2.1,39.6,2023
92,Tyler Boyd,CIN,WR,17,0,1,0.0,0,0.0,0.0,0,0,1,0,0,0.0,0.0,2023
92,Tanner Hudson,CIN,TE,12,0,0,0.0,0,0.0,0.0,0,0,0,1,4,0.0,39.6,2023
92,Jonnu Smith,ATL,TE,17,0,1,0.0,0,0.0,0.0,0,0,0,0,0,0.8,39.6,2023
92,Chris Godwin,TB,WR,17,0,1,0.0,0,0.0,0.0,0,0,0,0,0,0.8,39.6,2023
92,Parris Campbell,NYG,WR,12,0,0,0.0,0,0.0,0.0,0,0,0,1,8,0.0,39.6,2023
92,Deebo Samuel Sr.,SF,WR,15,0,1,0.0,0,0.0,0.0,0,0,0,0,0,4.9,39.6,2023
92,Kyle Trask,TB,QB,2,0,1,0.0,0,0.0,0.0,0,0,0,0,0,1.2,39.6,2023
92,Cedrick Wilson Jr.,MIA,WR,15,0,0,0.0,0,0.0,0.0,0,0,0,1,7,0.1,39.6,2023
92,Josh Jacobs,LV,RB,13,0,0,0.0,0,0.0,0.0,0,0,0,1,4,0.2,39.6,2023
92,Kadarius Toney,KC,WR,13,0,1,0.0,0,0.0,0.0,0,0,0,0,0,0.4,39.6,2023
92,DeeJay Dallas,SEA,RB,17,0,0,0.0,0,0.0,0.0,0,0,0,1,0,12.7,39.6,2023
92,Connor Heyward,PIT,TE,17,0,1,0.0,0,0.0,0.0,0,0,0,0,0,7.3,39.6,2023
92,Justin Jefferson,MIN,WR,10,0,1,0.0,0,0.0,0.0,0,0,0,0,0,14.6,39.6,2023
92,Tank Dell,HOU,WR,11,0,0,0.0,0,0.0,0.0,0,0,0,1,1,1.1,39.6,2023
92,Amon-Ra St. Brown,DET,WR,16,0,0,0.0,0,0.0,0.0,0,0,0,1,8,0.0,39.6,2023
92,De'Von Achane,MIA,RB,11,0,0,0.0,0,0.0,0.0,0,0,0,1,6,0.1,39.6,2023
92,Garrett Wilson,NYJ,WR,17,0,1,0.0,0,0.0,0.0,0,0,0,0,0,3.3,39.6,2023
114,Christian Kirk,JAX,WR,12,1,2,50.0,-1,-0.5,-0.1,0,0,0,0,0,3.2,56.3,2023
115,Ja'Marr Chase,CIN,WR,16,1,1,100.0,-7,-7.0,-0.4,-7,0,0,0,0,1.9,79.2,2023
1,Joe Burrow,CIN,QB,17,460,652,70.6,"4,918",7.5,289.3,70,43,9,48,278,74.7,108.5,2024
2,Jared Goff,DET,QB,17,390,539,72.4,"4,629",8.6,272.3,82,37,12,31,234,68.4,111.8,2024
3,Baker Mayfield,TB,QB,17,407,570,71.4,"4,500",7.9,264.7,57,41,16,40,248,61.6,106.8,2024
4,Geno Smith,SEA,QB,17,407,578,70.4,"4,320",7.5,254.1,71,21,15,50,338,53.8,93.2,2024
5,Sam Darnold,MIN,QB,17,361,545,66.2,"4,319",7.9,254.1,97,35,12,48,335,60.4,102.5,2024
6,Lamar Jackson,BAL,QB,17,316,474,66.7,"4,172",8.8,245.4,84,41,4,23,149,77.3,119.6,2024
7,Patrick Mahomes,KC,QB,16,392,581,67.5,"3,928",6.8,245.5,54,26,11,36,239,67.6,93.5,2024
8,Aaron Rodgers,NYJ,QB,17,368,584,63.0,"3,897",6.7,229.2,71,28,11,40,302,48.0,90.5,2024
9,Justin Herbert,LAC,QB,17,332,504,65.9,"3,870",7.7,227.6,66,23,3,41,244,64.8,101.7,2024
10,Brock Purdy,SF,QB,15,300,455,65.9,"3,864",8.5,257.6,76,20,12,31,156,67.9,96.1,2024
11,Kyler Murray,ARI,QB,17,372,541,68.8,"3,851",7.1,226.5,60,21,11,30,220,66.5,93.5,2024
12,Bo Nix,DEN,QB,17,376,567,66.3,"3,775",6.7,222.1,93,29,12,24,198,56.8,93.3,2024
13,Matthew Stafford,LAR,QB,16,340,517,65.8,"3,762",7.3,235.1,69,20,8,28,213,64.7,93.7,2024
14,Josh Allen,BUF,QB,17,307,483,63.6,"3,731",7.7,219.5,64,28,6,14,63,77.3,101.4,2024
15,C.J. Stroud,HOU,QB,17,336,532,63.2,"3,727",7.0,219.2,67,20,12,52,408,49.8,87.0,2024
16,Jayden Daniels,WSH,QB,17,331,480,69.0,"3,568",7.4,209.9,86,25,9,47,238,70.6,100.1,2024
17,Caleb Williams,CHI,QB,17,351,562,62.5,"3,541",6.3,208.3,47,20,6,68,466,46.7,87.8,2024
18,Kirk Cousins,ATL,QB,14,303,453,66.9,"3,508",7.7,250.6,60,18,16,28,201,50.4,88.6,2024
19,Jordan Love,GB,QB,15,268,425,63.1,"3,389",8.0,225.9,70,25,11,14,95,69.3,96.7,2024
20,Jalen Hurts,PHI,QB,15,248,361,68.7,"2,903",8.0,193.5,67,18,5,38,271,65.6,103.7,2024
21,Tua Tagovailoa,MIA,QB,11,291,399,72.9,"2,867",7.2,260.6,80,19,7,21,154,60.3,101.4,2024
22,Russell Wilson,PIT,QB,11,214,336,63.7,"2,482",7.4,225.6,46,16,5,33,219,51.3,95.6,2024
23,Bryce Young,CAR,QB,14,234,384,60.9,"2,403",6.3,171.6,83,15,9,29,186,54.1,82.2,2024
24,Drake Maye,NE,QB,13,225,338,66.6,"2,276",6.7,175.1,40,15,10,34,229,58.6,88.1,2024
25,Derek Carr,NO,QB,10,189,279,67.7,"2,145",7.7,214.5,71,15,5,8,48,63.4,101.0,2024
26,Jameis Winston,CLE,QB,12,181,296,61.1,"2,121",7.2,176.8,89,13,12,24,130,55.6,80.6,2024
27,Will Levis,TEN,QB,12,190,301,63.1,"2,091",6.9,174.3,98,13,12,41,233,27.8,81.4,2024
28,Daniel Jones,NYG,QB,10,216,341,63.3,"2,070",6.1,207.0,43,8,7,29,172,47.8,79.4,2024
29,Trevor Lawrence,JAX,QB,10,172,284,60.6,"2,045",7.2,204.5,85,11,7,18,140,59.5,85.2,2024
30,Gardner Minshew,LV,QB,10,203,306,66.3,"2,013",6.6,201.3,57,9,10,29,164,38.1,81.0,2024
31,Dak Prescott,DAL,QB,8,185,286,64.7,"1,978",6.9,247.3,65,11,8,21,112,45.3,86.0,2024
32,Cooper Rush,DAL,QB,12,187,308,60.7,"1,844",6.0,153.7,64,12,5,13,95,41.0,83.8,2024
33,Anthony Richardson,IND,QB,11,126,264,47.7,"1,814",6.9,164.9,69,8,12,14,115,47.4,61.6,2024
34,Joe Flacco,IND,QB,8,162,248,65.3,"1,761",7.1,220.1,65,12,7,18,123,53.4,90.5,2024
35,Mac Jones,JAX,QB,10,171,262,65.3,"1,672",6.4,167.2,62,8,8,14,100,39.8,80.5,2024
36,Aidan O'Connell,LV,QB,9,154,243,63.4,"1,612",6.6,179.1,58,8,4,10,82,49.4,86.7,2024
37,Mason Rudolph,TEN,QB,8,146,228,64.0,"1,530",6.7,191.3,47,9,9,11,71,55.5,80.1,2024
38,Spencer Rattler,NO,QB,7,130,228,57.0,"1,317",5.8,188.1,41,4,5,22,136,40.3,70.4,2024
39,Deshaun Watson,CLE,QB,7,137,216,63.4,"1,148",5.3,164.0,35,5,3,33,191,23.4,79.0,2024
40,Justin Fields,PIT,QB,10,106,161,65.8,"1,106",6.9,110.6,55,5,1,16,124,50.8,93.3,2024
41,Drew Lock,NYG,QB,8,107,181,59.1,"1,071",5.9,133.9,59,6,5,12,88,46.4,75.5,2024
42,Andy Dalton,CAR,QB,6,106,160,66.3,989,6.2,164.8,39,7,6,7,37,55.4,82.0,2024
43,Tyler Huntley,MIA,QB,5,86,133,64.7,829,6.2,165.8,25,3,3,15,92,35.2,80.1,2024
44,Jacoby Brissett,NE,QB,8,95,161,59.0,826,5.1,103.3,50,2,1,18,119,44.8,74.2,2024
45,Michael Penix Jr.,ATL,QB,5,61,105,58.1,775,7.4,155.0,42,3,3,4,14,51.0,78.9,2024
46,Malik Willis,GB,QB,7,40,54,74.1,550,10.2,78.6,51,3,0,8,37,79.6,124.8,2024
47,Desmond Ridder,LV,QB,6,52,85,61.2,458,5.4,76.3,28,2,2,10,64,28.0,73.6,2024
48,Dorian Thompson-Robinson,CLE,QB,7,61,118,51.7,440,3.7,62.9,29,0,6,8,47,19.4,39.5,2024
49,Marcus Mariota,WSH,QB,3,34,44,77.3,364,8.3,121.3,29,4,0,3,29,87.8,131.3,2024
50,Joshua Dobbs,SF,QB,2,32,47,68.1,361,7.7,180.5,36,2,2,2,28,37.4,87.3,2024
51,Jimmy Garoppolo,LAR,QB,1,27,41,65.9,334,8.1,334.0,50,2,1,3,15,48.3,97.0,2024
52,Tanner McKee,PHI,QB,2,30,45,66.7,323,7.2,161.5,25,4,0,2,17,68.5,117.2,2024
53,Kenny Pickett,PHI,QB,5,25,42,59.5,291,6.9,58.2,49,2,1,4,33,75.7,86.5,2024
55,Trey Lance,DAL,QB,4,25,41,61.0,266,6.5,66.5,33,0,1,4,23,38.3,69.8,2024
56,Tommy DeVito,NYG,QB,3,31,44,70.5,257,5.8,85.7,23,0,0,6,31,27.0,85.1,2024
57,Joe Milton III,NE,QB,1,22,29,75.9,241,8.3,241.0,48,1,0,0,0,72.4,111.4,2024
58,Jake Haener,NO,QB,8,18,39,46.2,226,5.8,28.3,36,1,1,6,55,14.4,62.6,2024
59,Davis Mills,HOU,QB,4,20,36,55.6,212,5.9,53.0,25,0,0,2,18,67.9,72.9,2024
60,Brandon Allen,SF,QB,3,17,30,56.7,199,6.6,66.3,31,1,2,2,2,34.4,60.3,2024
61,Skylar Thompson,MIA,QB,3,21,33,63.6,187,5.7,62.3,22,0,0,6,44,3.9,78.7,2024
62,Mitchell Trubisky,BUF,QB,9,19,26,73.1,179,6.9,19.9,69,2,0,0,0,61.1,117.3,2024
63,Bailey Zappe,CLE,QB,1,16,31,51.6,170,5.5,170.0,30,1,2,1,5,19.6,51.8,2024
64,Tyrod Taylor,NYJ,QB,2,17,22,77.3,119,5.4,59.5,20,3,0,0,0,95.6,128.6,2024
65,Carson Wentz,KC,QB,3,12,19,63.2,118,6.2,39.3,25,0,0,4,22,22.9,80.6,2024
66,Hendon Hooker,DET,QB,3,6,9,66.7,62,6.9,20.7,21,0,0,1,9,42.6,86.3,2024
67,Nick Mullens,MIN,QB,4,2,2,100.0,38,19.0,9.5,24,0,0,0,0,97.8,118.8,2024
68,Jaxon Smith-Njigba,SEA,WR,17,1,1,100.0,35,35.0,2.1,35,0,0,0,0,100.0,118.8,2024
69,AJ Cole,LV,P,17,1,1,100.0,34,34.0,2.0,34,0,0,0,0,,118.8,2024
70,Courtland Sutton,DEN,WR,17,2,2,100.0,30,15.0,1.8,28,1,0,0,0,100.0,158.3,2024
71,Taylor Heinicke,LAC,QB,4,3,5,60.0,28,5.6,7.0,18,0,0,3,28,5.9,75.4,2024
71,Mike White,BUF,QB,1,3,11,27.3,28,2.5,28.0,14,0,0,0,0,14.0,39.6,2024
73,Sam Howell,SEA,QB,3,5,14,35.7,24,1.7,8.0,12,0,1,4,21,3.3,14.6,2024
73,Adonai Mitchell,IND,WR,17,1,1,100.0,24,24.0,1.4,24,0,0,0,0,73.0,118.8,2024
75,Justin Jefferson,MIN,WR,17,1,1,100.0,22,22.0,1.3,22,0,0,0,0,26.2,118.8,2024
76,Taysom Hill,NO,TE,8,2,4,50.0,21,5.3,2.6,18,0,1,0,0,92.1,26.0,2024
76,Cedrick Wilson Jr.,NO,WR,15,1,1,100.0,21,21.0,1.4,21,1,0,1,3,99.6,158.3,2024
78,Kyle Allen,PIT,QB,1,1,1,100.0,19,19.0,19.0,19,0,0,0,0,99.4,118.8,2024
78,Jalen Coker,CAR,WR,11,1,1,100.0,19,19.0,1.7,19,0,0,0,0,99.6,118.8,2024
80,Josh Johnson,BAL,QB,6,2,3,66.7,17,5.7,2.8,16,0,0,1,5,17.1,81.3,2024
80,Jack Fox,DET,P,17,1,1,100.0,17,17.0,1.0,17,0,0,0,0,,118.8,2024
82,Stefon Diggs,HOU,WR,8,1,1,100.0,13,13.0,1.6,13,0,0,0,0,13.6,118.8,2024
83,Tyson Bagent,CHI,QB,4,2,2,100.0,11,5.5,2.8,6,0,0,0,0,51.0,89.6,2024
84,Clayton Tune,ARI,QB,6,2,2,100.0,8,4.0,1.3,7,0,0,0,0,0.6,83.3,2024
85,Amon-Ra St. Brown,DET,WR,17,1,1,100.0,7,7.0,0.4,7,1,0,0,0,99.6,135.4,2024
86,Kyle Trask,TB,QB,4,1,1,100.0,5,5.0,1.3,5,0,0,0,0,89.4,87.5,2024
87,Bryan Anger,DAL,P,17,1,2,50.0,4,2.0,0.2,4,0,0,0,0,,56.3,2024
88,Riley Dixon,DEN,P,17,1,1,100.0,3,3.0,0.2,3,0,0,0,0,,79.2,2024
88,JK Scott,LAC,P,17,1,1,100.0,3,3.0,0.2,3,0,0,0,0,,79.2,2024
88,David Montgomery,DET,RB,14,1,1,100.0,3,3.0,0.2,3,1,0,0,0,100.0,118.8,2024
91,Johnny Hekker,CAR,P,17,0,2,0.0,0,0.0,0.0,0,0,0,0,0,,39.6,2024
91,Keenan Allen,CHI,WR,15,0,1,0.0,0,0.0,0.0,0,0,1,0,0,0.0,0.0,2024
91,Miles Killebrew,PIT,S,17,0,1,0.0,0,0.0,0.0,0,0,0,0,0,,39.6,2024
91,Tyler Boyd,TEN,WR,16,0,1,0.0,0,0.0,0.0,0,0,0,0,0,4.1,39.6,2024
91,Kendrick Bourne,NE,WR,12,0,1,0.0,0,0.0,0.0,0,0,0,0,0,4.2,39.6,2024
91,Joe Mixon,HOU,RB,14,0,1,0.0,0,0.0,0.0,0,0,0,0,0,1.0,39.6,2024
91,Deebo Samuel Sr.,SF,WR,15,0,0,0.0,0,0.0,0.0,0,0,0,1,4,0.0,39.6,2024
91,Allen Lazard,NYJ,WR,12,0,1,0.0,0,0.0,0.0,0,0,0,0,0,0.0,39.6,2024
91,DJ Moore,CHI,WR,17,0,1,0.0,0,0.0,0.0,0,0,0,0,0,3.1,39.6,2024
91,Jakobi Meyers,LV,WR,15,0,0,0.0,0,0.0,0.0,0,0,0,1,10,0.0,39.6,2024
91,Saquon Barkley,PHI,RB,16,0,0,0.0,0,0.0,0.0,0,0,0,1,2,0.2,39.6,2024
91,Darnell Mooney,ATL,WR,16,0,1,0.0,0,0.0,0.0,0,0,0,0,0,3.6,39.6,2024
91,Chris Oladokun,KC,QB,1,0,0,0.0,0,0.0,0.0,0,0,0,1,5,0.0,39.6,2024
91,Ty Chandler,MIN,RB,17,0,0,0.0,0,0.0,0.0,0,0,0,1,1,1.3,39.6,2024
91,Tutu Atwell,LAR,WR,17,0,1,0.0,0,0.0,0.0,0,0,0,0,0,1.7,39.6,2024
91,Dyami Brown,WSH,WR,16,0,1,0.0,0,0.0,0.0,0,0,0,0,0,5.4,39.6,2024
91,Penei Sewell,DET,OT,17,0,0,0.0,0,0.0,0.0,0,0,0,1,1,1.9,39.6,2024
91,Ricky Pearsall,SF,WR,11,0,1,0.0,0,0.0,0.0,0,0,0,0,0,2.1,39.6,2024
91,Malik Nabers,NYG,WR,15,0,1,0.0,0,0.0,0.0,0,0,0,0,0,2.4,39.6,2024
